,ID,time,waiting room,in department,to be seen,average wait time,average door2doc time,average LOS
0,1.0,0.0,0.0,0.08,0.0,0.0,0.0,0.0
1,1.0,1.0,0.0,0.22,0.0,0.0,0.0,0.0
2,1.0,2.0,0.0,0.32,0.0,0.0,0.16,0.0
3,1.0,3.0,0.0,0.5,0.0,0.0,0.44,0.0
4,1.0,4.0,0.0,0.68,0.0,0.0,0.64,0.0
5,1.0,5.0,0.0,0.82,0.0,0.0,0.96,0.0
6,1.0,6.0,0.0,0.92,0.02,0.0,1.16,0.0
7,1.0,7.0,0.0,1.16,0.04,0.0,1.36,0.0
8,1.0,8.0,0.0,1.28,0.06,0.0,1.44,0.0
9,1.0,9.0,0.0,1.42,0.1,0.0,1.68,0.0
10,1.0,10.0,0.0,1.74,0.16,0.0,1.76,0.0
11,1.0,11.0,0.0,1.8,0.16,0.0,1.76,0.0
12,1.0,12.0,0.0,1.88,0.2,0.0,1.88,0.0
13,1.0,13.0,0.0,2.06,0.26,0.0,1.9066,0.0
14,1.0,14.0,0.0,2.2,0.34,0.0,1.9066,0.0
15,1.0,15.0,0.0,2.34,0.48,0.0,1.94,0.2
16,1.0,16.0,0.0,2.48,0.5,0.0,1.94,0.2
17,1.0,17.0,0.0,2.58,0.58,0.0,1.98,0.2
18,1.0,18.0,0.0,2.84,0.7,0.0,2.0066,0.2
19,1.0,19.0,0.0,3.08,0.74,0.0,2.0066,0.2
20,1.0,20.0,0.0,3.16,0.68,0.0,2.0932,0.36
21,1.0,21.0,0.0,3.42,0.88,0.0,2.1932,0.36
22,1.0,22.0,0.0,3.5,0.92,0.0,2.2716,0.6
23,1.0,23.0,0.0,3.66,1.02,0.0,2.2716,0.6
24,1.0,24.0,0.0,3.92,1.18,0.0,2.3544,0.6
25,1.0,25.0,0.0,4.08,1.2,0.0,2.4062,0.6
26,1.0,26.0,0.0,4.16,1.28,0.0,2.4062,1.67
27,1.0,27.0,0.0,4.2,1.3,0.0,2.4842,2.57
28,1.0,28.0,0.0,4.32,1.32,0.0,2.5092000000000003,3.09
29,1.0,29.0,0.0,4.56,1.38,0.0,2.5564,3.53
30,1.0,30.0,0.0,4.64,1.38,0.0,2.6672000000000002,3.53
31,1.0,31.0,0.0,4.92,1.58,0.0,3.0138,3.48
32,1.0,32.0,0.0,5.16,1.78,0.0,3.1032000000000006,3.96
33,1.0,33.0,0.0,5.28,1.88,0.0,3.1092,4.6
34,1.0,34.0,0.0,5.46,1.94,0.0,3.1392,5.1
35,1.0,35.0,0.0,5.66,2.0,0.0,3.1632000000000007,5.1
36,1.0,36.0,0.0,5.78,2.1,0.0,3.266,5.1
37,1.0,37.0,0.0,6.08,2.28,0.0,3.3764000000000003,5.1
38,1.0,38.0,0.0,6.26,2.34,0.0,3.383,5.4
39,1.0,39.0,0.0,6.52,2.56,0.0,3.4874000000000005,6.18
40,1.0,40.0,0.0,6.62,2.64,0.0,3.5764000000000005,7.24
41,1.0,41.0,0.0,6.84,2.8,0.0,3.5658000000000003,7.86
42,1.0,42.0,0.0,6.9,2.8,0.0,3.5948,8.1
43,1.0,43.0,0.0,7.08,2.94,0.0,3.6298000000000004,8.1
44,1.0,44.0,0.0,7.2,3.02,0.0,3.7394000000000007,8.1
45,1.0,45.0,0.0,7.28,3.06,0.0,3.7560000000000007,8.44
46,1.0,46.0,0.0,7.4,3.18,0.0,3.749000000000001,10.93
47,1.0,47.0,0.0,7.5,3.26,0.0,3.757000000000001,12.93
48,1.0,48.0,0.0,7.62,3.34,0.0,3.8018,12.9266
49,1.0,49.0,0.0,7.74,3.44,0.0,3.8468,13.7666
50,1.0,50.0,0.0,7.82,3.46,0.0,3.9314000000000004,14.7566
51,1.0,51.0,0.0,8.02,3.64,0.0,3.9534000000000007,15.3366
52,1.0,52.0,0.0,8.12,3.66,0.0,4.083,15.076600000000001
53,1.0,53.0,0.0,8.24,3.74,0.0,4.3184,16.4666
54,1.0,54.0,0.0,8.26,3.82,0.0,4.4158,17.8732
55,1.0,55.0,0.0,8.34,3.8,0.0,4.4888,19.4632
56,1.0,56.0,0.0,8.48,3.98,0.0,4.4992,21.2898
57,1.0,57.0,0.0,8.64,4.1,0.0,4.5638,23.0298
58,1.0,58.0,0.0,8.74,4.16,0.0,4.65,24.399799999999995
59,1.0,59.0,0.0,8.84,4.26,0.0,4.6676,25.739799999999995
60,1.0,60.0,0.0,9.0,4.38,0.0,4.6864,25.656399999999994
61,1.0,61.0,0.0,9.2,4.54,0.0,4.749,26.516399999999994
62,1.0,62.0,0.0,9.34,4.66,0.0,4.760400000000001,26.676399999999994
63,1.0,63.0,0.0,9.44,4.74,0.0,4.806,26.626399999999993
64,1.0,64.0,0.0,9.58,4.9,0.0,4.7818,28.419799999999995
65,1.0,65.0,0.0,9.64,4.9,0.0,4.8104000000000005,29.7582
66,1.0,66.0,0.0,9.84,5.1,0.0,4.8016,30.083199999999998
67,1.0,67.0,0.0,9.94,5.18,0.0,4.822399999999999,30.083199999999998
68,1.0,68.0,0.0,10.06,5.26,0.0,4.9068000000000005,30.0432
69,1.0,69.0,0.0,10.16,5.36,0.0,4.936399999999999,30.8566
70,1.0,70.0,0.0,10.24,5.44,0.0,4.95,31.57
71,1.0,71.0,0.0,10.22,5.44,0.0,5.0584,34.595
72,1.0,72.0,0.0,10.48,5.68,0.0,5.1804,36.0216
73,1.0,73.0,0.0,10.74,5.86,0.0,5.2616,36.1616
74,1.0,74.0,0.0,10.78,5.84,0.0,5.281600000000001,35.846599999999995
75,1.0,75.0,0.0,10.76,5.86,0.0,5.323200000000001,36.6486
76,1.0,76.0,0.0,10.88,5.98,0.0,5.4028,38.0186
77,1.0,77.0,0.0,10.98,6.02,0.0,5.4554,37.9786
78,1.0,78.0,0.0,10.98,5.98,0.0,5.457399999999999,38.118
79,1.0,79.0,0.0,11.1,6.1,0.0,5.468599999999999,39.532
80,1.0,80.0,0.0,11.1,6.18,0.0,5.502399999999999,39.809999999999995
81,1.0,81.0,0.0,11.24,6.24,0.0,5.4803999999999995,39.938399999999994
82,1.0,82.0,0.0,11.42,6.38,0.0,5.501799999999999,41.484399999999994
83,1.0,83.0,0.0,11.52,6.48,0.0,5.519799999999998,42.59439999999999
84,1.0,84.0,0.0,11.64,6.54,0.0,5.592,42.66039999999999
85,1.0,85.0,0.0,11.66,6.54,0.0,5.600999999999999,42.56039999999999
86,1.0,86.0,0.0,11.86,6.78,0.0,5.552599999999999,42.80039999999999
87,1.0,87.0,0.0,11.96,6.88,0.0,5.639799999999999,42.995999999999995
88,1.0,88.0,0.0,11.98,6.94,0.0,5.664799999999999,43.11679999999999
89,1.0,89.0,0.0,12.18,7.18,0.0,5.666599999999997,43.4266
90,1.0,90.0,0.0,12.32,7.28,0.0,5.666599999999997,43.9216
91,1.0,91.0,0.02,12.5,7.42,0.0,5.801399999999998,43.9842
92,1.0,92.0,0.02,12.62,7.54,0.0,5.840599999999999,43.9482
93,1.0,93.0,0.04,12.76,7.66,0.0,5.8952,44.169799999999995
94,1.0,94.0,0.04,13.02,7.88,0.0,5.874599999999998,44.169799999999995
95,1.0,95.0,0.06,13.12,7.84,0.0,5.916199999999999,44.169799999999995
96,1.0,96.0,0.06,13.18,7.94,0.0,5.925999999999999,44.6524
97,1.0,97.0,0.06,13.3,7.92,0.0,5.896399999999999,44.6524
98,1.0,98.0,0.08,13.4,8.04,0.0,5.921399999999998,45.1324
99,1.0,99.0,0.08,13.5,8.18,0.0,5.958399999999999,45.303999999999995
100,1.0,100.0,0.08,13.46,8.22,0.0,5.938799999999999,48.245
101,1.0,101.0,0.06,13.5,8.22,0.06,5.959799999999999,48.495
102,1.0,102.0,0.06,13.68,8.42,0.06,6.091599999999999,49.419799999999995
103,1.0,103.0,0.06,13.84,8.4,0.06,6.1659999999999995,49.395599999999995
104,1.0,104.0,0.1,13.86,8.42,0.06,6.186199999999999,49.81759999999999
105,1.0,105.0,0.1,14.02,8.62,0.06,6.151999999999999,49.5506
106,1.0,106.0,0.1,14.12,8.7,0.06,6.1312,49.6962
107,1.0,107.0,0.12,14.22,8.72,0.06,6.1762,49.632799999999996
108,1.0,108.0,0.14,14.48,9.02,0.06,6.312399999999999,49.8704
109,1.0,109.0,0.16,14.52,8.98,0.06,6.428399999999999,49.9626
110,1.0,110.0,0.18,14.54,9.08,0.06,6.428399999999999,51.05579999999999
111,1.0,111.0,0.16,14.66,9.1,0.05,6.4364,51.41239999999999
112,1.0,112.0,0.18,14.84,9.3,0.05,6.4496,51.75919999999999
113,1.0,113.0,0.16,14.96,9.3,0.17,6.422799999999999,52.33919999999999
114,1.0,114.0,0.22,15.06,9.42,0.17,6.507599999999999,52.325199999999995
115,1.0,115.0,0.22,15.2,9.6,0.2,6.559799999999999,52.4812
116,1.0,116.0,0.22,15.26,9.72,0.2,6.564599999999998,52.6568
117,1.0,117.0,0.28,15.4,9.82,0.2,6.566799999999998,52.542199999999994
118,1.0,118.0,0.28,15.5,9.84,0.2,6.682599999999999,52.57119999999999
119,1.0,119.0,0.3,15.6,9.96,0.2,6.6991999999999985,52.50159999999999
120,1.0,120.0,0.3,15.66,10.0,0.2,6.741199999999997,52.66179999999999
121,1.0,121.0,0.34,15.66,9.98,0.2,6.740999999999998,52.766000000000005
122,1.0,122.0,0.34,15.78,10.1,0.2466,6.735999999999998,52.836000000000006
123,1.0,123.0,0.38,15.8,10.14,0.2466,6.794599999999998,53.1224
124,1.0,124.0,0.38,15.92,10.26,0.2366,6.7964,53.3238
125,1.0,125.0,0.38,16.06,10.44,0.2366,6.845199999999998,53.67280000000001
126,1.0,126.0,0.42,16.14,10.46,0.2366,6.845199999999998,53.82280000000001
127,1.0,127.0,0.46,16.2,10.5,0.2366,6.845199999999998,54.3176
128,1.0,128.0,0.5,16.28,10.66,0.3066,6.922799999999999,54.3922
129,1.0,129.0,0.54,16.34,10.58,0.3066,6.9112,54.4508
130,1.0,130.0,0.54,16.34,10.56,0.2832,6.970600000000001,54.459599999999995
131,1.0,131.0,0.6,16.38,10.58,0.2832,6.991800000000001,54.64639999999999
132,1.0,132.0,0.62,16.42,10.62,0.2832,7.000200000000002,55.22659999999999
133,1.0,133.0,0.64,16.56,10.76,0.41319999999999996,7.008200000000001,54.96079999999999
134,1.0,134.0,0.68,16.64,10.74,0.5297999999999999,6.9772000000000025,55.22419999999999
135,1.0,135.0,0.72,16.72,10.82,0.5297999999999999,6.973200000000003,55.16759999999999
136,1.0,136.0,0.78,16.76,10.84,0.5297999999999999,7.002800000000001,55.81219999999999
137,1.0,137.0,0.76,16.82,10.96,0.6602,6.9994000000000005,56.2624
138,1.0,138.0,0.82,16.88,11.02,0.6602,7.043800000000001,56.66439999999999
139,1.0,139.0,0.82,16.96,11.12,0.6602,7.0546000000000015,57.29039999999999
140,1.0,140.0,0.86,16.92,11.14,0.6602,7.156400000000001,57.51259999999999
141,1.0,141.0,0.9,16.94,11.14,0.6602,7.161200000000001,57.17159999999999
142,1.0,142.0,0.92,17.0,11.22,0.7686,7.150400000000002,57.542799999999986
143,1.0,143.0,0.92,17.04,11.3,0.7686,7.179200000000002,57.823399999999985
144,1.0,144.0,1.02,17.08,11.36,0.7686,7.157400000000001,58.00519999999999
145,1.0,145.0,1.08,17.12,11.38,0.7686,7.174000000000001,58.19259999999999
146,1.0,146.0,1.12,17.14,11.38,0.7686,7.169,58.37539999999999
147,1.0,147.0,1.1,17.18,11.44,0.8486,7.176,58.805399999999985
148,1.0,148.0,1.14,17.28,11.54,0.8586,7.185600000000001,58.98659999999998
149,1.0,149.0,1.2,17.28,11.62,0.8686,7.1776,58.99159999999998
150,1.0,150.0,1.26,17.44,11.74,0.8686,7.2303999999999995,58.94919999999998
151,1.0,151.0,1.28,17.5,11.78,0.9732,7.252999999999999,59.003199999999985
152,1.0,152.0,1.36,17.56,11.78,0.9666,7.2421999999999995,59.475999999999985
153,1.0,153.0,1.46,17.64,11.78,1.0166,7.224799999999999,59.54239999999998
154,1.0,154.0,1.54,17.74,11.74,1.0166,7.250199999999999,59.54239999999998
155,1.0,155.0,1.52,17.86,11.8,1.0766,7.3162,59.978399999999986
156,1.0,156.0,1.56,17.88,11.9,1.1665999999999999,7.3881999999999985,60.21
157,1.0,157.0,1.62,17.98,12.04,1.075,7.491399999999998,60.25639999999999
158,1.0,158.0,1.66,18.06,12.1,1.1212,7.520599999999998,60.272200000000005
159,1.0,159.0,1.64,18.14,12.26,1.3418,7.566799999999998,60.503600000000006
160,1.0,160.0,1.72,18.24,12.36,1.3418,7.5413999999999985,60.802400000000006
161,1.0,161.0,1.76,18.36,12.38,1.3478,7.553,60.86280000000001
162,1.0,162.0,1.76,18.42,12.52,1.6578,7.536599999999998,60.940200000000004
163,1.0,163.0,1.72,18.48,12.6,1.7316,7.546799999999999,60.8806
164,1.0,164.0,1.74,18.52,12.58,1.7915999999999999,7.634799999999999,60.823600000000006
165,1.0,165.0,1.76,18.58,12.64,1.8182,7.7336,60.7808
166,1.0,166.0,1.8,18.7,12.8,1.8354,7.7425999999999995,61.01579999999999
167,1.0,167.0,1.9,18.7,12.78,1.8454,7.759399999999999,61.12239999999999
168,1.0,168.0,2.02,18.74,12.84,1.8454,7.7463999999999995,61.20439999999999
169,1.0,169.0,2.08,18.76,12.88,1.8437999999999999,7.8152,61.26339999999999
170,1.0,170.0,2.16,18.74,12.86,1.8938,7.8388,61.53419999999999
171,1.0,171.0,2.28,18.82,12.98,1.9338,7.905,61.50539999999999
172,1.0,172.0,2.34,18.82,13.04,1.9696,7.9134,62.011999999999986
173,1.0,173.0,2.36,18.86,13.02,1.9536000000000002,7.9134,62.191999999999986
174,1.0,174.0,2.34,18.94,13.14,2.1026000000000002,7.9201999999999995,62.06879999999998
175,1.0,175.0,2.4,18.96,13.2,2.1026000000000002,7.938399999999999,62.40019999999998
176,1.0,176.0,2.4,18.96,13.26,2.4374000000000002,7.9449999999999985,62.933399999999985
177,1.0,177.0,2.46,19.02,13.28,2.6374,7.933799999999999,63.01499999999999
178,1.0,178.0,2.54,19.08,13.36,2.7653999999999996,7.9974,63.19479999999999
179,1.0,179.0,2.58,19.08,13.42,2.72,8.010200000000001,63.35059999999999
180,1.0,180.0,2.64,19.08,13.42,3.3500000000000005,8.034,63.53719999999999
181,1.0,181.0,2.7,19.08,13.42,3.3586,8.0364,63.67699999999999
182,1.0,182.0,2.76,19.16,13.52,3.4202000000000004,8.193000000000001,63.972399999999986
183,1.0,183.0,2.86,19.2,13.56,3.4138,8.230200000000002,64.02539999999998
184,1.0,184.0,2.92,19.2,13.6,3.3864000000000005,8.2398,64.07299999999998
185,1.0,185.0,2.96,19.18,13.7,3.4797999999999996,8.250000000000002,64.35999999999997
186,1.0,186.0,3.02,19.22,13.68,3.5677999999999996,8.2628,64.30639999999997
187,1.0,187.0,3.08,19.24,13.78,3.5764,8.2628,64.53199999999997
188,1.0,188.0,3.14,19.22,13.7,3.574,8.370000000000003,64.53539999999998
189,1.0,189.0,3.2,19.22,13.68,4.071000000000001,8.450000000000003,64.93219999999998
190,1.0,190.0,3.12,19.2,13.74,4.217000000000001,8.5218,65.22259999999999
191,1.0,191.0,3.2,19.18,13.74,4.474,8.6438,65.71119999999999
192,1.0,192.0,3.26,19.18,13.78,4.6164000000000005,8.728600000000002,66.15159999999999
193,1.0,193.0,3.32,19.18,13.8,4.6049999999999995,8.786000000000001,66.2408
194,1.0,194.0,3.42,19.18,13.84,4.5892,8.7924,66.1792
195,1.0,195.0,3.56,19.16,13.82,4.624999999999999,8.7832,66.09259999999999
196,1.0,196.0,3.64,19.22,13.86,4.6838,8.782,66.17699999999999
197,1.0,197.0,3.74,19.22,13.86,4.714599999999999,8.7662,66.2212
198,1.0,198.0,3.9,19.28,13.9,4.7616,8.770199999999999,66.26359999999998
199,1.0,199.0,3.88,19.3,13.84,4.5552,8.834,66.33840000000001
200,1.0,200.0,4.02,19.36,13.92,4.4136,8.975,66.36
201,1.0,201.0,4.1,19.36,13.88,4.6136,9.075,66.379
202,1.0,202.0,4.26,19.38,13.92,4.7242,9.0692,66.3638
203,1.0,203.0,4.3,19.38,13.94,4.716,9.0736,66.5178
204,1.0,204.0,4.38,19.38,13.94,4.7894,9.130600000000001,66.5758
205,1.0,205.0,4.4,19.4,14.02,4.847,9.131,66.58800000000001
206,1.0,206.0,4.4,19.4,14.0,4.722,9.2414,66.6796
207,1.0,207.0,4.4,19.38,13.96,4.7576,9.242,66.91460000000001
208,1.0,208.0,4.44,19.38,13.98,4.7692000000000005,9.271800000000002,66.88
209,1.0,209.0,4.46,19.38,14.0,4.891,9.436000000000002,66.864
210,1.0,210.0,4.54,19.44,14.04,4.981,9.6064,67.0506
211,1.0,211.0,4.64,19.42,14.02,5.056,9.683200000000001,67.047
212,1.0,212.0,4.7,19.42,13.98,5.2860000000000005,9.6888,67.0614
213,1.0,213.0,4.74,19.48,14.0,5.254200000000001,9.811,67.0364
214,1.0,214.0,4.78,19.5,14.06,5.195000000000001,9.8604,67.0836
215,1.0,215.0,4.84,19.54,14.1,5.363600000000002,10.000399999999999,67.065
216,1.0,216.0,4.94,19.56,14.08,5.351400000000001,10.029799999999998,66.98479999999999
217,1.0,217.0,4.96,19.56,14.12,5.7288000000000014,10.005399999999998,67.09899999999999
218,1.0,218.0,5.04,19.58,14.1,5.708800000000001,10.046399999999998,67.172
219,1.0,219.0,5.1,19.6,14.16,5.7722000000000016,10.1082,67.3186
220,1.0,220.0,5.2,19.6,14.18,5.9088,10.2672,67.2908
221,1.0,221.0,5.3,19.6,14.1,5.8998,10.2996,67.43220000000001
222,1.0,222.0,5.36,19.58,14.14,5.864199999999999,10.357999999999999,67.649
223,1.0,223.0,5.46,19.6,14.1,5.8442,10.577199999999998,67.62780000000001
224,1.0,224.0,5.64,19.6,14.12,6.014999999999999,10.5928,67.671
225,1.0,225.0,5.72,19.62,14.04,5.9916,10.5878,67.8218
226,1.0,226.0,5.76,19.68,14.04,6.0036000000000005,10.6898,67.8654
227,1.0,227.0,5.88,19.66,14.08,5.925,10.759599999999999,67.97359999999999
228,1.0,228.0,5.92,19.64,14.1,5.966800000000001,10.9286,68.1022
229,1.0,229.0,5.94,19.66,14.12,6.010000000000002,10.995,68.23259999999999
230,1.0,230.0,6.02,19.64,14.1,5.995000000000001,11.0062,68.276
231,1.0,231.0,6.12,19.66,14.14,5.9682,11.0278,68.38479999999998
232,1.0,232.0,6.12,19.68,14.1,5.9316,11.2054,68.75079999999998
233,1.0,233.0,6.18,19.72,14.1,5.988600000000002,11.307399999999998,68.84699999999998
234,1.0,234.0,6.3,19.76,14.2,5.9498000000000015,11.804799999999998,68.97079999999998
235,1.0,235.0,6.34,19.74,14.18,5.9786,11.850999999999997,69.04799999999999
236,1.0,236.0,6.38,19.7,14.22,6.0416,11.874599999999997,69.26119999999997
237,1.0,237.0,6.36,19.7,14.2,6.152,11.9462,69.35919999999999
238,1.0,238.0,6.38,19.7,14.16,6.1688,12.041799999999999,69.45239999999998
239,1.0,239.0,6.32,19.7,14.2,6.1752,12.1314,69.57159999999999
240,1.0,240.0,6.3,19.7,14.2,6.1895999999999995,12.318199999999997,69.66699999999999
241,1.0,241.0,6.44,19.7,14.14,6.1895999999999995,12.3,69.66699999999999
242,1.0,242.0,6.56,19.74,14.24,6.375199999999999,12.285800000000002,69.7688
243,1.0,243.0,6.56,19.74,14.26,6.700199999999999,12.314600000000002,69.7644
244,1.0,244.0,6.52,19.74,14.32,6.774199999999999,12.323800000000004,70.0422
245,1.0,245.0,6.56,19.76,14.34,6.728599999999999,12.337600000000002,70.37400000000001
246,1.0,246.0,6.62,19.76,14.32,6.843599999999999,12.485400000000002,70.624
247,1.0,247.0,6.72,19.76,14.32,6.8267999999999995,12.512000000000002,70.6216
248,1.0,248.0,6.76,19.78,14.38,6.845999999999999,12.512600000000003,70.81
249,1.0,249.0,6.72,19.76,14.38,6.8546,12.5446,71.13879999999999
250,1.0,250.0,6.78,19.76,14.42,6.778599999999999,12.548800000000002,71.29319999999998
251,1.0,251.0,6.74,19.74,14.48,6.705599999999999,12.676999999999998,71.41019999999999
252,1.0,252.0,6.7,19.74,14.48,6.825999999999999,12.682199999999998,71.66199999999999
253,1.0,253.0,6.72,19.76,14.44,6.819199999999999,12.753799999999996,71.81299999999999
254,1.0,254.0,6.78,19.8,14.44,6.814999999999998,12.741799999999996,71.80999999999999
255,1.0,255.0,6.82,19.82,14.44,6.833999999999999,12.881599999999997,71.90879999999999
256,1.0,256.0,6.8,19.8,14.46,6.886799999999998,12.978999999999996,72.11739999999999
257,1.0,257.0,6.78,19.82,14.46,6.935799999999998,13.128799999999995,72.32659999999998
258,1.0,258.0,6.76,19.82,14.52,6.999599999999999,13.190599999999995,72.4216
259,1.0,259.0,6.8,19.84,14.52,7.017199999999999,13.216199999999997,72.5388
260,1.0,260.0,6.76,19.82,14.54,7.243399999999999,13.233799999999997,72.8524
261,1.0,261.0,6.72,19.82,14.58,7.593399999999999,13.247399999999997,72.8176
262,1.0,262.0,6.76,19.82,14.58,7.5036000000000005,13.224799999999995,73.13719999999999
263,1.0,263.0,6.8,19.84,14.5,7.5636,13.362799999999998,73.134
264,1.0,264.0,6.88,19.86,14.48,7.5352,13.416399999999996,73.2748
265,1.0,265.0,6.84,19.86,14.56,7.6868,13.645999999999997,73.2004
266,1.0,266.0,6.9,19.88,14.54,7.909800000000001,13.725199999999997,73.23240000000001
267,1.0,267.0,6.86,19.88,14.58,7.9034,13.703199999999997,73.15900000000002
268,1.0,268.0,6.96,19.86,14.48,7.8634,13.916199999999998,73.12860000000002
269,1.0,269.0,6.96,19.86,14.56,7.860799999999999,14.0352,73.47280000000002
270,1.0,270.0,6.98,19.86,14.54,8.1198,14.1392,73.45900000000002
271,1.0,271.0,7.08,19.88,14.52,8.1848,14.1342,73.46640000000002
272,1.0,272.0,7.16,19.9,14.48,8.255799999999999,14.1338,73.45920000000002
273,1.0,273.0,7.26,19.9,14.44,8.2766,14.129800000000003,73.43180000000002
274,1.0,274.0,7.26,19.9,14.46,8.3448,14.197000000000003,73.59540000000003
275,1.0,275.0,7.2,19.92,14.58,8.4348,14.374,73.79800000000002
276,1.0,276.0,7.28,19.92,14.54,8.435599999999999,14.414400000000002,73.83340000000003
277,1.0,277.0,7.44,19.92,14.46,8.495000000000001,14.4542,73.93820000000002
278,1.0,278.0,7.48,19.94,14.52,8.4824,14.477600000000002,74.2168
279,1.0,279.0,7.64,19.94,14.46,8.502199999999998,14.9562,74.35300000000001
280,1.0,280.0,7.66,19.96,14.5,8.5124,14.9466,74.43920000000001
281,1.0,281.0,7.7,19.96,14.44,8.654,14.96,74.8224
282,1.0,282.0,7.78,19.98,14.52,8.9778,14.9904,74.9918
283,1.0,283.0,7.78,19.98,14.52,9.050600000000001,15.203,75.2648
284,1.0,284.0,7.84,19.98,14.46,9.086,15.2008,75.319
285,1.0,285.0,7.8,19.98,14.52,9.337200000000001,15.2148,75.4712
286,1.0,286.0,7.84,19.98,14.42,9.333400000000001,15.4002,75.4866
287,1.0,287.0,7.84,20.0,14.42,9.455400000000001,15.437000000000001,75.7842
288,1.0,288.0,7.9,20.0,14.42,9.4722,15.584399999999999,75.7252
289,1.0,289.0,7.96,20.0,14.42,9.6264,15.716199999999999,75.7066
290,1.0,290.0,8.08,20.0,14.4,9.6376,15.711399999999996,75.72879999999999
291,1.0,291.0,8.14,20.0,14.38,9.574600000000002,16.137999999999995,75.87499999999999
292,1.0,292.0,8.2,20.0,14.38,9.628400000000001,16.124599999999997,75.95459999999999
293,1.0,293.0,8.24,20.0,14.4,9.759400000000001,16.321799999999996,76.0024
294,1.0,294.0,8.22,20.0,14.38,9.586200000000002,16.311799999999995,76.1488
295,1.0,295.0,8.24,20.0,14.32,9.514200000000002,16.4268,76.22579999999999
296,1.0,296.0,8.26,20.0,14.34,9.483400000000001,16.61,76.4092
297,1.0,297.0,8.26,20.0,14.38,9.496000000000002,17.027600000000003,76.5518
298,1.0,298.0,8.28,20.0,14.34,9.4878,17.035600000000002,76.7012
299,1.0,299.0,8.26,20.0,14.4,9.463799999999999,17.0972,76.71319999999999
300,1.0,300.0,8.38,20.0,14.4,9.4466,17.0554,76.67179999999999
301,1.0,301.0,8.44,20.0,14.38,9.507600000000002,17.1084,76.635
302,1.0,302.0,8.48,20.0,14.36,9.498400000000002,17.1054,76.6846
303,1.0,303.0,8.56,20.0,14.44,9.753000000000002,17.1582,76.7502
304,1.0,304.0,8.66,20.0,14.34,9.778000000000002,17.260399999999997,76.6964
305,1.0,305.0,8.68,19.98,14.36,9.959000000000001,17.262999999999998,76.7038
306,1.0,306.0,8.6,20.0,14.4,10.234,17.436,76.8734
307,1.0,307.0,8.6,20.0,14.4,10.2132,17.4586,76.938
308,1.0,308.0,8.72,20.0,14.42,10.234800000000002,17.667,76.92420000000001
309,1.0,309.0,8.74,20.0,14.48,10.257200000000001,17.7136,76.95400000000001
310,1.0,310.0,8.78,20.0,14.5,10.2804,17.699600000000004,76.968
311,1.0,311.0,8.86,20.0,14.46,10.337,17.802000000000003,77.1344
312,1.0,312.0,8.88,20.0,14.44,10.437000000000001,17.836400000000005,77.1346
313,1.0,313.0,8.96,20.0,14.4,10.417200000000001,17.865400000000005,77.0344
314,1.0,314.0,8.96,20.0,14.44,10.366599999999998,17.926400000000005,77.16860000000001
315,1.0,315.0,9.02,20.0,14.4,10.352199999999998,18.14,77.1804
316,1.0,316.0,9.02,20.0,14.44,10.2896,18.141000000000002,77.36580000000001
317,1.0,317.0,8.98,20.0,14.48,10.263599999999999,18.1954,77.4614
318,1.0,318.0,8.92,20.0,14.52,10.323799999999999,18.3536,77.601
319,1.0,319.0,8.98,20.0,14.48,10.446,18.5032,77.822
320,1.0,320.0,9.04,20.0,14.52,10.515800000000002,18.639599999999998,78.0034
321,1.0,321.0,9.1,20.0,14.54,10.6426,18.651,78.0058
322,1.0,322.0,9.12,20.0,14.6,10.9972,18.7086,78.0458
323,1.0,323.0,9.14,20.0,14.52,10.9972,18.743,78.0458
324,1.0,324.0,9.12,20.0,14.5,10.996000000000002,18.819799999999997,78.11139999999999
325,1.0,325.0,9.08,20.0,14.52,11.145200000000003,18.883599999999998,78.179
326,1.0,326.0,9.16,20.0,14.38,11.119000000000002,18.9074,78.31599999999999
327,1.0,327.0,9.12,20.0,14.38,11.160400000000003,19.3688,78.3408
328,1.0,328.0,9.14,20.0,14.38,11.201,19.710600000000003,78.40879999999999
329,1.0,329.0,9.22,20.0,14.36,11.201,19.8658,78.40879999999999
330,1.0,330.0,9.32,20.0,14.34,11.337600000000002,19.857000000000003,78.51699999999998
331,1.0,331.0,9.36,20.0,14.34,11.3346,19.936,78.52279999999999
332,1.0,332.0,9.42,20.0,14.3,11.3346,20.069200000000002,78.52279999999999
333,1.0,333.0,9.34,20.0,14.36,11.3682,20.1346,78.807
334,1.0,334.0,9.26,20.0,14.44,11.523400000000002,20.0992,79.119
335,1.0,335.0,9.26,19.98,14.42,11.8748,20.3054,79.3108
336,1.0,336.0,9.26,20.0,14.4,11.9752,20.2652,79.359
337,1.0,337.0,9.32,20.0,14.34,12.1932,20.319599999999998,79.4632
338,1.0,338.0,9.32,20.0,14.34,12.3392,20.503800000000002,79.4426
339,1.0,339.0,9.28,19.98,14.38,12.3424,20.5374,79.91999999999999
340,1.0,340.0,9.32,20.0,14.4,12.387,20.6398,79.8882
341,1.0,341.0,9.36,20.0,14.38,12.4116,20.6472,79.9054
342,1.0,342.0,9.3,20.0,14.42,12.519400000000001,20.6842,79.823
343,1.0,343.0,9.24,20.0,14.44,12.6732,20.738800000000005,79.803
344,1.0,344.0,9.32,20.0,14.44,12.7376,20.821000000000005,79.859
345,1.0,345.0,9.24,20.0,14.4,12.925999999999998,20.801,79.87020000000001
346,1.0,346.0,9.2,19.98,14.42,12.995800000000001,20.883799999999997,80.1752
347,1.0,347.0,9.18,20.0,14.46,13.2426,21.093399999999995,80.20560000000002
348,1.0,348.0,9.24,20.0,14.36,13.408800000000001,21.158799999999996,80.24880000000002
349,1.0,349.0,9.26,20.0,14.4,13.530800000000001,21.204799999999995,80.52960000000002
350,1.0,350.0,9.2,20.0,14.44,13.703400000000002,21.5372,80.65960000000001
351,1.0,351.0,9.14,20.0,14.48,13.723400000000002,21.555799999999994,80.93500000000002
352,1.0,352.0,9.14,20.0,14.46,13.7148,21.705799999999996,80.98380000000002
353,1.0,353.0,9.16,20.0,14.44,13.767000000000001,21.708799999999993,81.01880000000001
354,1.0,354.0,9.1,20.0,14.44,13.975400000000002,21.722199999999997,81.20680000000002
355,1.0,355.0,9.2,20.0,14.44,13.954800000000002,21.798199999999998,81.2928
356,1.0,356.0,9.2,20.0,14.44,14.006600000000002,21.8724,81.4972
357,1.0,357.0,9.14,20.0,14.56,14.237800000000002,21.941599999999998,81.8512
358,1.0,358.0,9.2,20.0,14.58,14.193,22.072,81.9152
359,1.0,359.0,9.24,20.0,14.54,14.262199999999998,22.072,81.92939999999999
360,1.0,360.0,9.34,20.0,14.52,14.262199999999998,22.0694,81.92939999999999
361,1.0,361.0,9.38,19.98,14.54,14.6044,22.299799999999994,82.0204
362,1.0,362.0,9.32,19.98,14.54,14.8414,22.289999999999996,82.0384
363,1.0,363.0,9.36,20.0,14.58,14.8988,22.310799999999993,82.1054
364,1.0,364.0,9.28,20.0,14.7,14.983599999999994,22.427599999999995,82.43719999999999
365,1.0,365.0,9.34,20.0,14.74,14.958999999999994,22.42619999999999,82.52600000000001
366,1.0,366.0,9.4,20.0,14.74,14.930599999999995,22.44279999999999,82.54899999999999
367,1.0,367.0,9.38,20.0,14.74,15.129799999999996,22.44279999999999,82.678
368,1.0,368.0,9.54,20.0,14.68,15.129799999999996,22.444799999999997,82.678
369,1.0,369.0,9.4,20.0,14.84,15.244799999999996,22.579599999999996,82.83959999999999
370,1.0,370.0,9.3,20.0,14.8,15.276799999999994,22.560999999999993,83.26480000000001
371,1.0,371.0,9.26,20.0,14.88,15.376199999999992,22.594399999999997,83.48100000000001
372,1.0,372.0,9.3,20.0,14.8,15.386199999999992,22.701399999999992,83.5424
373,1.0,373.0,9.3,20.0,14.78,15.39519999999999,22.716199999999994,83.56639999999999
374,1.0,374.0,9.24,20.0,14.84,15.377999999999991,22.875,83.623
375,1.0,375.0,9.36,20.0,14.8,15.377999999999991,22.847799999999996,83.623
376,1.0,376.0,9.34,20.0,14.82,15.359799999999991,22.8592,83.80500000000002
377,1.0,377.0,9.28,20.0,14.84,15.553799999999992,22.8814,83.97219999999999
378,1.0,378.0,9.26,19.98,14.86,15.574999999999994,22.993599999999997,84.07620000000001
379,1.0,379.0,9.28,20.0,14.9,15.597999999999995,23.022,84.13600000000001
380,1.0,380.0,9.3,20.0,14.76,15.588599999999994,23.035799999999995,84.12560000000002
381,1.0,381.0,9.32,20.0,14.8,15.542999999999992,23.029799999999994,84.16860000000001
382,1.0,382.0,9.36,20.0,14.78,15.602199999999993,23.107799999999997,84.11640000000001
383,1.0,383.0,9.3,20.0,14.8,15.589399999999996,23.103999999999996,84.3838
384,1.0,384.0,9.34,20.0,14.82,15.619999999999997,23.087799999999994,84.499
385,1.0,385.0,9.34,20.0,14.76,15.736799999999995,23.18819999999999,84.6488
386,1.0,386.0,9.38,20.0,14.7,15.708599999999995,23.324799999999993,84.67300000000002
387,1.0,387.0,9.28,20.0,14.72,15.641399999999994,23.392599999999987,84.76800000000001
388,1.0,388.0,9.32,20.0,14.72,15.690999999999995,23.41419999999999,84.859
389,1.0,389.0,9.38,20.0,14.64,15.709199999999996,23.59499999999999,84.868
390,1.0,390.0,9.36,20.0,14.66,15.753399999999994,23.69439999999999,85.04119999999999
391,1.0,391.0,9.36,20.0,14.62,15.776199999999994,23.829399999999993,85.07379999999999
392,1.0,392.0,9.38,20.0,14.62,15.855599999999995,23.939399999999996,85.0968
393,1.0,393.0,9.42,20.0,14.56,15.821999999999996,23.981399999999994,85.2224
394,1.0,394.0,9.42,20.0,14.6,15.854799999999997,24.00539999999999,85.37360000000001
395,1.0,395.0,9.38,20.0,14.54,15.9658,24.282399999999992,85.3776
396,1.0,396.0,9.44,20.0,14.62,16.0348,24.264999999999997,85.57500000000002
397,1.0,397.0,9.48,20.0,14.54,16.0378,24.411999999999992,85.54820000000001
398,1.0,398.0,9.52,20.0,14.54,16.0192,24.411999999999992,85.77160000000002
399,1.0,399.0,9.58,20.0,14.54,15.960200000000002,24.478599999999997,85.95380000000002
400,1.0,400.0,9.62,20.0,14.42,15.960200000000002,24.501399999999993,85.95380000000002
401,1.0,401.0,9.66,20.0,14.36,15.960200000000002,24.637999999999998,85.95380000000002
402,1.0,402.0,9.68,20.0,14.32,15.960200000000002,24.928199999999997,85.95380000000002
403,1.0,403.0,9.7,20.0,14.36,15.941400000000003,25.044,86.19620000000003
404,1.0,404.0,9.64,20.0,14.4,15.909200000000004,25.0524,86.52140000000001
405,1.0,405.0,9.58,19.98,14.44,15.927400000000004,25.0524,86.48400000000004
406,1.0,406.0,9.62,19.98,14.44,15.949000000000003,25.0346,86.74300000000001
407,1.0,407.0,9.56,20.0,14.5,15.960800000000004,25.1138,86.99940000000002
408,1.0,408.0,9.5,20.0,14.5,16.0498,25.4898,87.11380000000001
409,1.0,409.0,9.5,20.0,14.54,16.018800000000006,25.4776,87.1248
410,1.0,410.0,9.42,20.0,14.62,15.949400000000008,25.5678,87.18440000000002
411,1.0,411.0,9.42,20.0,14.52,15.949400000000008,25.546799999999998,87.18440000000002
412,1.0,412.0,9.44,20.0,14.5,15.995400000000007,25.5418,87.1652
413,1.0,413.0,9.5,20.0,14.36,15.995400000000007,25.765599999999996,87.1652
414,1.0,414.0,9.46,20.0,14.38,16.100400000000008,25.853999999999992,87.2878
415,1.0,415.0,9.4,20.0,14.44,16.129600000000003,26.061799999999995,87.40260000000002
416,1.0,416.0,9.4,20.0,14.44,16.247200000000007,26.196799999999993,87.42820000000002
417,1.0,417.0,9.32,20.0,14.52,16.239200000000004,26.355599999999992,87.52220000000003
418,1.0,418.0,9.28,20.0,14.5,16.307200000000005,26.34539999999999,88.0404
419,1.0,419.0,9.32,20.0,14.44,16.286000000000005,26.42979999999999,88.191
420,1.0,420.0,9.4,20.0,14.38,16.278800000000004,26.659999999999997,88.22300000000001
421,1.0,421.0,9.48,20.0,14.38,16.317000000000004,26.843799999999998,88.6216
422,1.0,422.0,9.5,20.0,14.44,16.513200000000005,27.009799999999995,88.6758
423,1.0,423.0,9.46,20.0,14.48,16.474400000000003,27.034999999999997,88.81360000000001
424,1.0,424.0,9.52,19.98,14.48,16.547000000000004,27.034999999999997,88.809
425,1.0,425.0,9.52,20.0,14.48,16.5574,27.015599999999996,88.7726
426,1.0,426.0,9.52,20.0,14.46,16.5274,27.009199999999996,88.7524
427,1.0,427.0,9.42,20.0,14.46,16.5648,27.136799999999997,89.0094
428,1.0,428.0,9.3,20.0,14.58,16.799200000000003,27.329599999999996,89.16940000000002
429,1.0,429.0,9.34,20.0,14.5,17.072400000000002,27.749799999999997,89.15700000000001
430,1.0,430.0,9.34,20.0,14.52,17.240400000000005,27.737999999999992,89.1916
431,1.0,431.0,9.34,20.0,14.5,17.224200000000007,27.768599999999992,89.2264
432,1.0,432.0,9.38,20.0,14.5,17.493800000000007,27.786799999999992,89.2842
433,1.0,433.0,9.36,19.98,14.48,17.649200000000004,27.855199999999996,89.3284
434,1.0,434.0,9.36,20.0,14.58,17.725,27.844999999999995,89.35580000000002
435,1.0,435.0,9.4,20.0,14.5,17.715600000000002,28.0324,89.36000000000001
436,1.0,436.0,9.32,20.0,14.52,17.7754,28.0394,89.6926
437,1.0,437.0,9.32,20.0,14.54,17.711400000000005,28.156799999999997,89.65039999999999
438,1.0,438.0,9.42,20.0,14.5,17.708200000000005,28.249599999999997,89.62700000000001
439,1.0,439.0,9.44,20.0,14.52,17.744600000000005,28.392000000000003,89.76
440,1.0,440.0,9.46,20.0,14.52,17.791400000000003,28.499200000000005,89.8916
441,1.0,441.0,9.5,20.0,14.48,17.791400000000003,28.510400000000004,89.8916
442,1.0,442.0,9.52,20.0,14.46,17.751400000000004,28.522800000000004,89.92220000000002
443,1.0,443.0,9.48,20.0,14.48,17.947200000000006,28.514400000000006,90.06780000000002
444,1.0,444.0,9.54,20.0,14.44,17.947200000000006,28.631200000000003,90.06780000000002
445,1.0,445.0,9.48,19.98,14.52,17.920600000000004,28.611000000000004,90.1962
446,1.0,446.0,9.4,20.0,14.54,18.192400000000003,28.626000000000005,90.17360000000001
447,1.0,447.0,9.3,20.0,14.56,18.507,28.738199999999996,90.296
448,1.0,448.0,9.3,20.0,14.44,18.4792,28.8178,90.461
449,1.0,449.0,9.26,20.0,14.48,18.757399999999997,29.0248,90.476
450,1.0,450.0,9.32,20.0,14.46,18.758799999999994,29.235200000000006,90.5062
451,1.0,451.0,9.28,20.0,14.52,18.814799999999998,29.315800000000003,90.7518
452,1.0,452.0,9.28,20.0,14.52,19.1896,29.327,90.8018
453,1.0,453.0,9.24,20.0,14.48,19.1934,29.3146,90.9126
454,1.0,454.0,9.26,20.0,14.42,19.2814,29.522,91.04419999999999
455,1.0,455.0,9.26,20.0,14.42,19.728600000000004,29.503600000000002,91.21959999999999
456,1.0,456.0,9.28,20.0,14.38,19.706400000000002,29.675600000000003,91.36399999999998
457,1.0,457.0,9.3,20.0,14.34,19.7788,29.811200000000007,91.4568
458,1.0,458.0,9.32,20.0,14.3,19.8276,30.008000000000006,91.53020000000001
459,1.0,459.0,9.34,20.0,14.32,19.789599999999997,30.27000000000001,91.57519999999998
460,1.0,460.0,9.34,20.0,14.32,19.72,30.278200000000005,91.62299999999999
461,1.0,461.0,9.34,20.0,14.32,19.730200000000004,30.506600000000006,91.71079999999998
462,1.0,462.0,9.34,20.0,14.32,19.712,30.611800000000002,91.69959999999998
463,1.0,463.0,9.24,20.0,14.42,19.9624,30.6672,91.6014
464,1.0,464.0,9.24,20.0,14.36,20.471399999999996,30.651200000000003,91.81899999999997
465,1.0,465.0,9.3,20.0,14.38,20.707600000000003,30.638600000000007,91.80199999999999
466,1.0,466.0,9.32,20.0,14.4,20.7458,30.6588,91.7748
467,1.0,467.0,9.34,20.0,14.46,20.8456,30.6452,92.205
468,1.0,468.0,9.32,20.0,14.44,21.017400000000002,30.721000000000004,92.1584
469,1.0,469.0,9.3,20.0,14.54,21.308200000000003,30.8244,92.70280000000001
470,1.0,470.0,9.44,20.0,14.46,21.308200000000003,30.9932,92.70280000000001
471,1.0,471.0,9.48,20.0,14.4,21.308200000000003,31.1006,92.70280000000001
472,1.0,472.0,9.44,20.0,14.44,21.391000000000005,31.2328,92.72699999999999
473,1.0,473.0,9.34,20.0,14.48,21.383800000000004,31.515600000000003,92.76959999999997
474,1.0,474.0,9.36,20.0,14.48,21.509,31.577800000000003,92.851
475,1.0,475.0,9.34,19.98,14.48,21.527800000000003,31.842000000000006,92.8864
476,1.0,476.0,9.32,20.0,14.56,21.5956,31.9542,92.9668
477,1.0,477.0,9.38,20.0,14.52,21.612199999999998,32.139,92.95380000000002
478,1.0,478.0,9.32,19.98,14.44,21.963800000000003,32.1298,93.171
479,1.0,479.0,9.3,20.0,14.44,22.072,32.1688,93.19060000000002
